Datetime,Timetime,press_key,text_telega
2023-10-26 21:44:30,1698338670.318459,'/'
2023-10-26 21:44:31,1698338671.4257681,'s'
2023-10-26 21:44:31,1698338671.6147666,'t'
2023-10-26 21:44:31,1698338671.70491,'a'
2023-10-26 21:44:31,1698338671.8630445,'r'
2023-10-26 21:44:32,1698338672.0350363,'t'
2023-10-26 21:44:32,1698338672.6304533,Key.backspace
2023-10-26 21:44:32,1698338672.791637,Key.backspace
2023-10-26 21:44:32,1698338672.9292102,Key.backspace
2023-10-26 21:44:33,1698338673.0701983,Key.backspace
2023-10-26 21:44:33,1698338673.1863472,Key.backspace
2023-10-26 21:44:33,1698338673.837766,Key.shift
2023-10-26 21:44:33,1698338673.9306324,Key.alt_l
2023-10-26 21:44:34,1698338674.3058589,'s'
2023-10-26 21:44:34,1698338674.8171544,'a'
2023-10-26 21:44:35,1698338675.5569863,Key.backspace
2023-10-26 21:44:36,1698338676.2415,'t'
2023-10-26 21:44:36,1698338676.37583,'a'
2023-10-26 21:44:36,1698338676.5130637,'r'
2023-10-26 21:44:36,1698338676.672766,'t'
2023-10-26 21:44:37,1698338677.122383,Key.enter
2023-10-26 21:44:43,1698338683.226765,'l'
2023-10-26 21:44:43,1698338683.4107666,'f'
2023-10-26 21:44:44,1698338684.147121,Key.enter
2023-10-26 21:44:44,1698338684.45537,1698338684.45537,lf
2023-10-26 21:44:45,1698338685.2338932,Key.shift
2023-10-26 21:44:45,1698338685.3577635,Key.alt_l
2023-10-26 21:44:46,1698338686.0555325,'l'
2023-10-26 21:44:46,1698338686.397278,'f'
2023-10-26 21:44:47,1698338687.066589,Key.enter
2023-10-26 21:44:50,1698338690.3747616,'l'
2023-10-26 21:44:50,1698338690.4857655,'f'
2023-10-26 21:44:50,1698338690.9477248,Key.enter
2023-10-26 21:45:10,1698338710.0666754,'k'
2023-10-26 21:45:10,1698338710.1436708,'l'
2023-10-26 21:45:10,1698338710.1829276,';'
2023-10-26 21:45:10,1698338710.2697837,"""'"""
2023-10-26 21:45:10,1698338710.3617456,'k'
2023-10-26 21:45:10,1698338710.3867595,'l'
2023-10-26 21:45:10,1698338710.4418306,';'
2023-10-26 21:45:10,1698338710.531766,"""'"""
2023-10-26 21:46:40,1698338800.309733,'s'
2023-10-26 21:46:42,1698338802.5431902,Key.backspace
2023-10-26 21:46:44,1698338804.4902236,Key.ctrl_l
2023-10-26 21:46:44,1698338804.583742,'\x1a'
2023-10-26 21:46:45,1698338805.1277428,'\x1a'
2023-10-26 21:46:47,1698338807.4377415,Key.shift_r
2023-10-26 21:46:47,1698338807.556931,"'""'"
2023-10-26 21:46:49,1698338809.6777415,'k'
2023-10-26 21:46:49,1698338809.7658107,'l'
2023-10-26 21:46:49,1698338809.9178743,';'
2023-10-26 21:46:50,1698338810.4966917,'k'
2023-10-26 21:46:50,1698338810.508692,'l'
2023-10-26 21:46:50,1698338810.5307357,'j'
2023-10-26 21:46:51,1698338811.1344867,';'
2023-10-26 21:46:51,1698338811.697742,'l'
2023-10-26 21:46:51,1698338811.8803322,'j'
2023-10-26 21:46:51,1698338811.8953319,';'
2023-10-26 21:46:52,1698338812.0817378,'k'
2023-10-26 21:46:52,1698338812.1187756,'l'
2023-10-26 21:46:52,1698338812.2601042,';'
2023-10-26 21:46:52,1698338812.3831992,'j'
2023-10-26 21:46:52,1698338812.4122257,'k'
2023-10-26 21:46:52,1698338812.4692307,'l'
2023-10-26 21:46:52,1698338812.5734334,'.'
2023-10-26 21:46:52,1698338812.7898166,'k'
2023-10-26 21:46:52,1698338812.8038168,'l'
2023-10-26 21:46:52,1698338812.8976693,'.'
2023-10-26 21:46:52,1698338812.9818094,'h'
2023-10-26 21:46:53,1698338813.1017487,'k'
2023-10-26 21:46:53,1698338813.2956388,'g'
2023-10-26 21:46:53,1698338813.3156512,'u'
2023-10-26 21:46:53,1698338813.3997421,'i'
2023-10-26 21:46:53,1698338813.6907458,'j'
2023-10-26 21:46:53,1698338813.9490685,'g'
2023-10-26 21:46:54,1698338814.0402434,'y'
2023-10-26 21:46:54,1698338814.5787418,'8'
2023-10-26 21:46:54,1698338814.9117677,'8'
2023-10-26 21:46:55,1698338815.05474,'8'
2023-10-26 21:46:55,1698338815.1873415,'8'
2023-10-26 21:46:55,1698338815.342838,'8'
2023-10-26 21:46:55,1698338815.491937,'8'
2023-10-26 21:46:55,1698338815.6291869,'8'
2023-10-26 21:46:55,1698338815.7629485,'8'
2023-10-26 21:46:55,1698338815.9195068,'8'
2023-10-26 21:46:56,1698338816.0674915,'8'
2023-10-26 21:46:56,1698338816.22674,'8'
2023-10-26 21:46:56,1698338816.3357406,'8'
2023-10-26 21:46:56,1698338816.604789,'8'
2023-10-26 21:46:56,1698338816.7541163,'8'
2023-10-26 21:46:56,1698338816.887216,'8'
2023-10-26 21:46:57,1698338817.038333,'8'
2023-10-26 21:46:57,1698338817.1877418,'8'
2023-10-26 21:46:57,1698338817.4226463,'7'
2023-10-26 21:46:57,1698338817.579739,'7'
2023-10-26 21:46:57,1698338817.7470298,'7'
2023-10-26 21:46:57,1698338817.9187388,'7'
2023-10-26 21:46:58,1698338818.085742,'7'
2023-10-26 21:46:58,1698338818.2494912,'7'
2023-10-26 21:46:58,1698338818.397171,'7'
2023-10-26 21:46:58,1698338818.5411477,'7'
2023-10-26 21:46:58,1698338818.7830575,'6'
2023-10-26 21:46:58,1698338818.9578426,'6'
2023-10-26 21:46:59,1698338819.1039832,'6'
2023-10-26 21:46:59,1698338819.2511795,'6'
2023-10-26 21:46:59,1698338819.4203274,'6'
2023-10-26 21:46:59,1698338819.607158,'6'
2023-10-26 21:47:07,1698338827.1237693,Key.ctrl_l
2023-10-26 21:47:07,1698338827.3382576,'\x18'
2023-10-26 21:47:10,1698338830.5469253,Key.enter
2023-10-26 21:47:11,1698338831.5541754,Key.ctrl_l
2023-10-26 21:47:11,1698338831.742516,'\x16'
2023-10-26 21:47:16,1698338836.3189929,'s'
2023-10-26 21:47:16,1698338836.3699927,'d'
2023-10-26 21:47:17,1698338837.9947753,'d'
2023-10-26 21:47:18,1698338838.7202365,'a'
2023-10-26 21:47:19,1698338839.2223365,'s'
2023-10-26 21:47:19,1698338839.801558,'f'
2023-10-26 21:47:20,1698338840.073559,'a'
2023-10-26 21:47:20,1698338840.201557,'s'
2023-10-26 21:47:20,1698338840.4117372,'d'
2023-10-26 21:47:20,1698338840.5405436,'a'
2023-10-26 21:47:20,1698338840.6387374,'s'
2023-10-26 21:47:20,1698338840.7478802,'d'
2023-10-26 21:47:20,1698338840.905724,'a'
2023-10-26 21:47:20,1698338840.997724,'s'
2023-10-26 21:47:21,1698338841.1007762,'d'
2023-10-26 21:47:21,1698338841.2914007,'a'
2023-10-26 21:47:21,1698338841.361399,'s'
2023-10-26 21:47:21,1698338841.4364161,'d'
2023-10-26 21:47:26,1698338846.873085,Key.ctrl_l
2023-10-26 21:47:27,1698338847.205735,'\x03'
2023-10-26 21:47:28,1698338848.767871,Key.ctrl_l
2023-10-26 21:47:28,1698338848.87556,'\x16'
2023-10-26 21:47:32,1698338852.0095963,'a'
2023-10-26 21:47:32,1698338852.110142,'s'
2023-10-26 21:47:32,1698338852.559311,'d'
2023-10-26 21:47:32,1698338852.8300898,'f'
2023-10-26 21:47:33,1698338853.2874525,'a'
2023-10-26 21:47:33,1698338853.8627355,'d'
2023-10-26 21:48:34,1698338914.3049188,'h'
2023-10-26 21:48:35,1698338915.0826645,'l'
2023-10-26 21:48:35,1698338915.5067236,'h'
2023-10-26 21:48:35,1698338915.681653,'k'
2023-10-26 21:48:35,1698338915.8676054,'l'
2023-10-26 21:48:36,1698338916.169553,'9'
2023-10-26 21:48:36,1698338916.2652047,'u'
2023-10-26 21:48:36,1698338916.5120313,'i'
2023-10-26 21:48:37,1698338917.4977221,'l'
2023-10-26 21:48:37,1698338917.8417237,'i'
2023-10-26 21:48:38,1698338918.1016822,'i'
2023-10-26 21:48:38,1698338918.3271537,'i'
2023-10-26 21:48:38,1698338918.4030313,'u'
2023-10-26 21:48:38,1698338918.7660148,'u'
2023-10-26 21:48:38,1698338918.897633,'l'
2023-10-26 21:48:38,1698338918.9216626,'i'
2023-10-26 21:48:39,1698338919.2632256,'u'
2023-10-26 21:48:39,1698338919.3427212,'i'
2023-10-26 21:48:39,1698338919.4466357,'l'
2023-10-26 21:48:39,1698338919.5980432,'u'
2023-10-26 21:48:39,1698338919.6817846,'i'
2023-10-26 21:48:39,1698338919.7704053,'l'
2023-10-26 21:48:39,1698338919.9134052,'u'
2023-10-26 21:48:40,1698338920.0744054,'i'
2023-10-26 21:48:40,1698338920.0894065,'l'
2023-10-26 21:48:40,1698338920.2494051,'u'
2023-10-26 21:48:40,1698338920.3782065,'i'
2023-10-26 21:48:40,1698338920.5755346,'l'
2023-10-26 21:48:40,1698338920.8517184,'j'
2023-10-26 21:48:40,1698338920.9397142,'k'
2023-10-26 21:48:41,1698338921.075104,'l'
2023-10-26 21:48:41,1698338921.5509093,'h'
2023-10-26 21:48:41,1698338921.8143911,'k'
2023-10-26 21:48:41,1698338921.899544,'j'
2023-10-26 21:48:42,1698338922.0668924,'l'
2023-10-26 21:48:42,1698338922.5408797,'k'
2023-10-26 21:48:42,1698338922.5637288,'j'
2023-10-26 21:48:42,1698338922.7272205,'h'
2023-10-26 21:48:43,1698338923.0141392,'k'
2023-10-26 21:48:43,1698338923.6482894,'8'
2023-10-26 21:48:44,1698338924.1945596,'7'
2023-10-26 21:48:44,1698338924.4460642,'8'
2023-10-26 21:48:44,1698338924.9777234,'7'
2023-10-26 21:48:45,1698338925.1490674,'8'
2023-10-26 21:48:45,1698338925.2587187,'o'
2023-10-26 21:48:45,1698338925.7747195,'h'
2023-10-26 21:48:45,1698338925.7877207,'l'
2023-10-26 21:48:46,1698338926.122719,'k'
2023-10-26 21:48:46,1698338926.1837218,'h'
2023-10-26 21:48:46,1698338926.4710238,'j'
2023-10-26 21:48:46,1698338926.483024,'l'
2023-10-26 21:48:46,1698338926.606498,'h'
2023-10-26 21:48:46,1698338926.8187215,'k'
2023-10-26 21:48:47,1698338927.0447092,'k'
2023-10-26 21:48:47,1698338927.4170413,'n'
2023-10-26 21:48:47,1698338927.4981606,'h'
2023-10-26 21:48:47,1698338927.622203,'d'
2023-10-26 21:48:47,1698338927.7547219,'h'
2023-10-26 21:48:47,1698338927.8237538,'n'
2023-10-26 21:48:47,1698338927.982781,'g'
2023-10-26 21:48:48,1698338928.0857403,'h'
2023-10-26 21:48:48,1698338928.1757698,'d'
2023-10-26 21:48:48,1698338928.300839,'b'
2023-10-26 21:48:48,1698338928.471748,'s'
2023-10-26 21:48:48,1698338928.6129026,'g'
2023-10-26 21:48:48,1698338928.766702,'b'
2023-10-26 21:48:48,1698338928.779702,'d'
2023-10-26 21:48:50,1698338930.0348709,'n'
2023-10-26 21:48:50,1698338930.3198442,'y'
2023-10-26 21:48:50,1698338930.3760397,'t'
2023-10-26 21:48:50,1698338930.5580814,'h'
2023-10-26 21:48:50,1698338930.5870953,'b'
2023-10-26 21:48:50,1698338930.7737966,'d'
2023-10-26 21:48:50,1698338930.8739202,'t'
2023-10-26 21:48:50,1698338930.9877203,'h'
2023-10-26 21:48:51,1698338931.0007186,'b'
2023-10-26 21:54:15,1698339255.4770029,Key.backspace
2023-10-26 21:54:15,1698339255.6295786,'t'
2023-10-26 21:54:17,1698339257.619619,Key.backspace
2023-10-26 21:54:17,1698339257.7937157,'t'
2023-10-26 21:54:21,1698339261.6149166,Key.backspace
2023-10-26 21:54:21,1698339261.7646637,'l'
2023-10-26 21:54:27,1698339267.054662,Key.backspace
2023-10-26 21:54:27,1698339267.2097778,'l'
2023-10-26 21:54:35,1698339275.6240408,Key.delete
2023-10-26 21:54:36,1698339276.004217,Key.delete
2023-10-26 21:54:45,1698339285.946835,Key.ctrl_l
2023-10-26 21:54:46,1698339286.3777301,'\x03'
2023-10-26 21:54:48,1698339288.2532966,Key.ctrl_l
2023-10-26 21:54:48,1698339288.3376586,'\x16'
2023-10-26 21:54:59,1698339299.6866755,'t'
2023-10-26 21:55:02,1698339302.1817544,'t'
2023-10-26 21:55:10,1698339310.032655,Key.ctrl_l
2023-10-26 21:55:10,1698339310.3797436,'\x03'
2023-10-26 21:55:12,1698339312.2106538,Key.ctrl_l
2023-10-26 21:55:12,1698339312.3026557,'\x16'
2023-10-26 21:55:18,1698339318.0663536,'t'
2023-10-26 21:55:18,1698339318.5060685,'l'
2023-10-26 21:55:18,1698339318.9898744,'.'
2023-10-26 21:55:22,1698339322.802339,'c'
2023-10-26 21:55:22,1698339322.9234276,'s'
2023-10-26 21:55:23,1698339323.036654,'v'
2023-10-26 21:55:23,1698339323.467534,Key.enter
2023-10-26 21:55:24,1698339324.8036616,Key.shift
2023-10-26 21:55:24,1698339324.971359,'D'
2023-10-26 21:55:25,1698339325.1037207,'a'
2023-10-26 21:55:25,1698339325.339641,'t'
2023-10-26 21:55:25,1698339325.4557412,'e'
2023-10-26 21:55:26,1698339326.2286506,'t'
2023-10-26 21:55:26,1698339326.3835173,'i'
2023-10-26 21:55:26,1698339326.4965177,'m'
2023-10-26 21:55:26,1698339326.8063097,'e'
2023-10-26 21:55:27,1698339327.2423294,"','"
2023-10-26 21:55:28,1698339328.438586,Key.shift
2023-10-26 21:55:28,1698339328.6276562,'T'
2023-10-26 21:55:28,1698339328.799652,'i'
2023-10-26 21:55:28,1698339328.903652,'m'
2023-10-26 21:55:29,1698339329.2291157,'e'
2023-10-26 21:55:29,1698339329.9140813,'t'
2023-10-26 21:55:30,1698339330.04808,'i'
2023-10-26 21:55:30,1698339330.1540797,'m'
2023-10-26 21:55:30,1698339330.4261463,'e'
2023-10-26 21:55:31,1698339331.1295152,"','"
2023-10-26 21:55:33,1698339333.4120576,Key.ctrl_l
2023-10-26 21:55:33,1698339333.7353418,Key.ctrl_l
2023-10-26 21:55:33,1698339333.9904263,'\x16'
2023-10-26 21:55:43,1698339343.2730656,'a'
2023-10-26 21:55:43,1698339343.3641543,'s'
2023-10-26 21:55:43,1698339343.3751545,'d'
2023-10-26 21:55:43,1698339343.3881545,'f'
2023-10-26 21:55:45,1698339345.5926468,Key.backspace
2023-10-26 21:55:45,1698339345.7566843,Key.backspace
2023-10-26 21:55:45,1698339345.893915,Key.backspace
2023-10-26 21:55:46,1698339346.0166469,Key.backspace
2023-10-26 21:55:48,1698339348.7186463,'a'
2023-10-26 21:55:48,1698339348.7646718,'s'
2023-10-26 21:55:48,1698339348.7946477,'d'
2023-10-26 21:55:48,1698339348.9236474,'f'
2023-10-26 21:55:49,1698339349.0086467,'a'
2023-10-26 21:55:49,1698339349.0216486,'s'
2023-10-26 21:55:49,1698339349.0505598,'d'
2023-10-26 21:55:49,1698339349.220075,Key.enter
2023-10-26 21:55:51,1698339351.7744133,'l'
2023-10-26 21:55:51,1698339351.940646,'f'
2023-10-26 21:55:52,1698339352.4146557,Key.backspace
2023-10-26 21:55:52,1698339352.5509837,Key.backspace
2023-10-26 21:55:52,1698339352.7750566,Key.shift
2023-10-26 21:55:52,1698339352.9031842,Key.alt_l
2023-10-26 21:55:53,1698339353.258648,'l'
2023-10-26 21:55:53,1698339353.4470546,'f'
2023-10-26 21:55:53,1698339353.6274211,Key.enter
2023-10-26 21:55:56,1698339356.577405,'d'
2023-10-26 21:55:56,1698339356.8196461,Key.enter
2023-10-26 21:55:59,1698339359.0026326,'l'
2023-10-26 21:55:59,1698339359.146646,'f'
2023-10-26 21:55:59,1698339359.4123726,Key.enter
2023-10-26 21:56:00,1698339360.0749004,'l'
2023-10-26 21:56:00,1698339360.285643,'f'
2023-10-26 21:56:00,1698339360.4438696,Key.enter
2023-10-26 21:56:18,1698339378.4392815,Key.delete
2023-10-26 21:56:19,1698339379.3966951,Key.delete
2023-10-26 21:56:28,1698339388.6883886,'r'
2023-10-26 21:56:28,1698339388.7980607,'a'
2023-10-26 21:56:29,1698339389.6114295,Key.enter
2023-10-26 21:56:30,1698339390.1643865,Key.shift
2023-10-26 21:56:30,1698339390.2821083,Key.alt_l
2023-10-26 21:56:30,1698339390.8986406,'.'
2023-10-26 21:56:31,1698339391.0956397,'r'
2023-10-26 21:56:31,1698339391.1916401,'a'
2023-10-26 21:56:32,1698339392.5539532,Key.tab
2023-10-26 21:56:33,1698339393.6584015,'1'
2023-10-26 21:56:44,1698339404.43912,'l'
2023-10-26 21:56:44,1698339404.6606367,'f'
2023-10-26 21:56:45,1698339405.310335,Key.backspace
2023-10-26 21:56:45,1698339405.4730153,Key.backspace
2023-10-26 21:56:45,1698339405.6161897,Key.shift
2023-10-26 21:56:45,1698339405.7385068,Key.alt_l
2023-10-26 21:56:46,1698339406.0238545,'l'
2023-10-26 21:56:46,1698339406.2171018,'f'
2023-10-26 21:56:46,1698339406.371979,Key.enter
2023-10-26 21:56:47,1698339407.3996377,'l'
2023-10-26 21:56:47,1698339407.5465631,'f'
2023-10-26 21:56:47,1698339407.7000234,Key.enter
2023-10-26 21:56:51,1698339411.8718317,Key.tab
2023-10-26 21:56:53,1698339413.7601066,'i'
2023-10-26 21:56:53,1698339413.9583075,'f'
2023-10-26 21:56:54,1698339414.2183347,Key.space
2023-10-26 21:56:54,1698339414.9164834,Key.backspace
2023-10-26 21:56:55,1698339415.0855582,Key.backspace
2023-10-26 21:56:55,1698339415.2259302,Key.backspace
2023-10-26 21:56:55,1698339415.3634284,Key.shift
2023-10-26 21:56:55,1698339415.4485679,Key.alt_l
2023-10-26 21:56:56,1698339416.2217808,'i'
2023-10-26 21:56:56,1698339416.3777401,'f'
2023-10-26 21:56:56,1698339416.5127394,Key.space
2023-10-26 21:56:57,1698339417.6296322,'m'
2023-10-26 21:56:57,1698339417.7806342,'e'
2023-10-26 21:56:58,1698339418.203758,Key.enter
2023-10-26 21:56:59,1698339419.4141307,'.'
2023-10-26 21:57:00,1698339420.871635,'t'
2023-10-26 21:57:00,1698339420.9206345,'e'
2023-10-26 21:57:01,1698339421.339218,Key.enter
2023-10-26 21:57:02,1698339422.1374707,Key.space
2023-10-26 21:57:02,1698339422.5099504,'='
2023-10-26 21:57:02,1698339422.8900917,Key.space
2023-10-26 21:57:03,1698339423.7598085,Key.backspace
2023-10-26 21:57:03,1698339423.9964302,'='
2023-10-26 21:57:04,1698339424.2165067,Key.space
2023-10-26 21:57:04,1698339424.9655228,Key.shift
2023-10-26 21:57:05,1698339425.1675231,"'""'"
2023-10-26 21:57:05,1698339425.3908136,"'""'"
2023-10-26 21:57:05,1698339425.9426262,Key.backspace
2023-10-26 21:57:07,1698339427.1306326,'d'
2023-10-26 21:57:07,1698339427.1852458,'a'
2023-10-26 21:57:07,1698339427.7549043,Key.backspace
2023-10-26 21:57:07,1698339427.924836,Key.backspace
2023-10-26 21:57:08,1698339428.216112,Key.shift
2023-10-26 21:57:08,1698339428.3545887,Key.alt_l
2023-10-26 21:57:08,1698339428.9349651,'l'
2023-10-26 21:57:10,1698339430.0223732,'f'
2023-10-26 21:57:10,1698339430.4226327,Key.shift
2023-10-26 21:57:10,1698339430.567633,Key.alt_l
2023-10-26 21:57:10,1698339430.9299045,Key.shift
2023-10-26 21:57:11,1698339431.1390471,"'""'"
2023-10-26 21:57:12,1698339432.1558132,Key.shift
2023-10-26 21:57:12,1698339432.6581683,Key.shift
2023-10-26 21:57:12,1698339432.685176,Key.shift
2023-10-26 21:57:12,1698339432.7152,Key.shift
2023-10-26 21:57:12,1698339432.761232,Key.shift
2023-10-26 21:57:12,1698339432.7952585,Key.shift
2023-10-26 21:57:12,1698339432.825286,Key.shift
2023-10-26 21:57:12,1698339432.8573494,Key.shift
2023-10-26 21:57:12,1698339432.888499,Key.shift
2023-10-26 21:57:12,1698339432.9182725,Key.shift
2023-10-26 21:57:12,1698339432.9502988,Key.shift
2023-10-26 21:57:12,1698339432.9802847,Key.shift
2023-10-26 21:57:13,1698339433.0123405,Key.shift
2023-10-26 21:57:13,1698339433.0464113,Key.shift
2023-10-26 21:57:13,1698339433.0824413,':'
2023-10-26 21:57:16,1698339436.9510503,Key.tab
2023-10-26 21:57:17,1698339437.3997684,Key.tab
2023-10-26 21:57:24,1698339444.35381,Key.ctrl_l
2023-10-26 21:57:24,1698339444.7088733,'\x03'
2023-10-26 21:57:26,1698339446.1987813,Key.ctrl_l
2023-10-26 21:57:26,1698339446.3436303,'\x16'
2023-10-26 21:57:33,1698339453.6754246,Key.shift
2023-10-26 21:57:33,1698339453.9850316,'D'
2023-10-26 21:57:34,1698339454.371119,'s'
2023-10-26 21:57:34,1698339454.7539468,Key.backspace
2023-10-26 21:57:34,1698339454.9422538,Key.backspace
2023-10-26 21:57:35,1698339455.0686305,Key.shift
2023-10-26 21:57:35,1698339455.20963,Key.alt_l
2023-10-26 21:57:35,1698339455.4387918,Key.shift
2023-10-26 21:57:35,1698339455.6380157,'D'
2023-10-26 21:57:35,1698339455.9316275,'s'
2023-10-26 21:57:36,1698339456.1234512,Key.space
2023-10-26 21:57:36,1698339456.4210007,'g'
2023-10-26 21:57:36,1698339456.600287,'j'
2023-10-26 21:57:36,1698339456.7666292,'q'
2023-10-26 21:57:37,1698339457.3009515,'v'
2023-10-26 21:57:37,1698339457.4281292,'f'
2023-10-26 21:57:37,1698339457.6752515,'k'
2023-10-26 21:57:37,1698339457.8129995,'b'
2023-10-26 21:57:37,1698339457.9853704,Key.space
2023-10-26 21:57:38,1698339458.2472427,'h'
2023-10-26 21:57:38,1698339458.461629,'s'
2023-10-26 21:57:38,1698339458.799579,"','"
2023-10-26 21:57:39,1698339459.1118522,'e'
2023-10-26 21:57:39,1698339459.9772713,Key.space
2023-10-26 21:57:40,1698339460.2847867,'d'
2023-10-26 21:57:40,1698339460.4095197,'t'
2023-10-26 21:57:40,1698339460.6656272,'c'
2023-10-26 21:57:40,1698339460.8591902,'j'
2023-10-26 21:57:41,1698339461.0144925,'v'
2023-10-26 21:57:46,1698339466.703442,Key.ctrl_l
2023-10-26 21:57:47,1698339467.2132602,Key.ctrl_l
2023-10-26 21:57:47,1698339467.238295,Key.ctrl_l
2023-10-26 21:57:47,1698339467.2692995,Key.ctrl_l
2023-10-26 21:57:47,1698339467.300382,Key.ctrl_l
2023-10-26 21:57:47,1698339467.3338826,Key.ctrl_l
2023-10-26 21:57:47,1698339467.3839562,Key.ctrl_l
2023-10-26 21:57:47,1698339467.4109983,Key.ctrl_l
2023-10-26 21:57:47,1698339467.443032,Key.ctrl_l
2023-10-26 21:57:47,1698339467.4752412,Key.ctrl_l
2023-10-26 21:57:47,1698339467.5062947,Key.ctrl_l
2023-10-26 21:57:47,1698339467.5383255,Key.ctrl_l
2023-10-26 21:57:47,1698339467.5663242,Key.ctrl_l
2023-10-26 21:57:47,1698339467.5973256,Key.ctrl_l
2023-10-26 21:57:47,1698339467.6283255,Key.ctrl_l
2023-10-26 21:57:47,1698339467.675359,Key.ctrl_l
2023-10-26 21:57:47,1698339467.7083864,Key.ctrl_l
2023-10-26 21:57:47,1698339467.739438,Key.ctrl_l
2023-10-26 21:57:47,1698339467.7724795,Key.ctrl_l
2023-10-26 21:57:47,1698339467.8064866,Key.ctrl_l
2023-10-26 21:57:47,1698339467.8374867,Key.ctrl_l
2023-10-26 21:57:47,1698339467.8656368,Key.ctrl_l
2023-10-26 21:57:47,1698339467.89845,Key.ctrl_l
2023-10-26 21:57:47,1698339467.9314592,Key.ctrl_l
2023-10-26 21:57:47,1698339467.962487,Key.ctrl_l
2023-10-26 21:57:47,1698339467.993541,Key.ctrl_l
2023-10-26 21:57:48,1698339468.0252619,Key.ctrl_l
2023-10-26 21:57:48,1698339468.0693307,Key.ctrl_l
2023-10-26 21:57:48,1698339468.1040213,Key.ctrl_l
2023-10-26 21:57:48,1698339468.1340444,Key.ctrl_l
2023-10-26 21:57:48,1698339468.1670716,Key.ctrl_l
2023-10-26 21:57:48,1698339468.1976073,Key.ctrl_l
2023-10-26 21:57:48,1698339468.2296202,Key.ctrl_l
2023-10-26 21:57:48,1698339468.2506194,'\x18'
2023-10-26 21:57:50,1698339470.0077517,Key.tab
2023-10-26 21:57:53,1698339473.3618696,'r'
2023-10-26 21:57:53,1698339473.645359,'i'
2023-10-26 21:57:53,1698339473.9539304,'b'
2023-10-26 21:57:54,1698339474.1206923,'a'
2023-10-26 21:57:54,1698339474.575114,Key.space
2023-10-26 21:57:54,1698339474.7911143,'='
2023-10-26 21:57:55,1698339475.1651413,Key.backspace
2023-10-26 21:57:55,1698339475.317141,Key.backspace
2023-10-26 21:57:55,1698339475.4776237,Key.backspace
2023-10-26 21:57:55,1698339475.6605315,Key.backspace
2023-10-26 21:57:55,1698339475.781719,Key.backspace
2023-10-26 21:57:55,1698339475.9403892,Key.backspace
2023-10-26 21:57:56,1698339476.0955727,Key.shift
2023-10-26 21:57:56,1698339476.1877263,Key.alt_l
2023-10-26 21:57:56,1698339476.827624,'r'
2023-10-26 21:57:56,1698339476.9742935,'i'
2023-10-26 21:57:57,1698339477.2802937,'b'
2023-10-26 21:57:57,1698339477.3762934,'a'
2023-10-26 21:57:57,1698339477.572295,Key.space
2023-10-26 21:57:57,1698339477.7643876,'='
2023-10-26 21:57:57,1698339477.8462255,Key.space
2023-10-26 21:57:58,1698339478.1852064,Key.ctrl_l
2023-10-26 21:57:58,1698339478.3630693,'\x16'
2023-10-26 21:58:02,1698339482.5110815,Key.ctrl_l
2023-10-26 21:58:03,1698339483.0156107,Key.ctrl_l
2023-10-26 21:58:03,1698339483.0636067,Key.ctrl_l
2023-10-26 21:58:03,1698339483.0865338,Key.ctrl_l
2023-10-26 21:58:03,1698339483.117612,Key.ctrl_l
2023-10-26 21:58:03,1698339483.135612,'\x03'
2023-10-26 21:58:07,1698339487.1073964,Key.ctrl_l
2023-10-26 21:58:07,1698339487.2203624,'\x16'
2023-10-26 21:58:14,1698339494.4123788,Key.enter
2023-10-26 21:58:20,1698339500.452613,Key.ctrl_l
2023-10-26 21:58:20,1698339500.8514593,'\x03'
2023-10-26 21:58:22,1698339502.093836,Key.ctrl_l
2023-10-26 21:58:22,1698339502.273368,'\x16'
2023-10-26 21:58:24,1698339504.1859543,Key.tab
2023-10-26 21:58:29,1698339509.7056594,'d'
2023-10-26 21:58:29,1698339509.7746594,'a'
2023-10-26 21:58:30,1698339510.1313994,'t'
2023-10-26 21:58:30,1698339510.203233,'a'
2023-10-26 21:58:35,1698339515.7352164,'l'
2023-10-26 21:58:35,1698339515.9071918,'f'
2023-10-26 21:58:36,1698339516.395704,Key.backspace
2023-10-26 21:58:36,1698339516.55248,Key.backspace
2023-10-26 21:58:36,1698339516.7165198,Key.shift
2023-10-26 21:58:36,1698339516.8466203,Key.alt_l
2023-10-26 21:58:37,1698339517.2091844,'l'
2023-10-26 21:58:37,1698339517.3820453,'f'
2023-10-26 21:58:37,1698339517.5648463,Key.enter
2023-10-26 21:58:39,1698339519.7466857,'l'
2023-10-26 21:58:39,1698339519.9711745,'f'
2023-10-26 21:58:40,1698339520.1566179,Key.enter
2023-10-26 21:58:42,1698339522.1469667,'f'
2023-10-26 21:58:42,1698339522.272801,'d'
2023-10-26 21:58:42,1698339522.4925392,Key.enter
2023-10-26 21:58:43,1698339523.992041,'s'
2023-10-26 21:58:44,1698339524.011613,'a'
2023-10-26 21:58:44,1698339524.065898,'d'
2023-10-26 21:58:44,1698339524.1316164,'f'
2023-10-26 21:58:44,1698339524.3078094,Key.enter
2023-10-26 21:58:46,1698339526.2790668,'l'
2023-10-26 21:58:46,1698339526.4096174,'f'
2023-10-26 21:58:46,1698339526.6276324,Key.enter
2023-10-26 21:58:48,1698339528.9796174,'l'
2023-10-26 21:58:49,1698339529.11977,'f'
2023-10-26 21:58:49,1698339529.3320928,Key.enter
2023-10-26 21:58:51,1698339531.1349387,'l'
2023-10-26 21:58:51,1698339531.3387685,'f'
2023-10-26 21:58:51,1698339531.5076926,Key.enter
2023-10-26 21:58:53,1698339533.886445,'l'
2023-10-26 21:58:54,1698339534.129699,'f'
2023-10-26 21:58:54,1698339534.3723145,Key.enter
2023-10-26 22:00:20,1698339620.2952032,Key.alt_l
2023-10-26 22:00:20,1698339620.456204,Key.tab
